time_s,x_m,y_m,z_m
0.993360002,0.1992463320493698,0.40026161074638367,2.0686521530151367
1.026291655,0.19944848120212555,0.39986905455589294,2.0691611766815186
1.06181473,0.19973497092723846,0.39966073632240295,2.0701913833618164
1.0938723,0.20197102427482605,0.3979215621948242,2.0732643604278564
1.125859514,0.2040664255619049,0.3965015411376953,2.076341152191162
1.161925969,0.20603275299072266,0.39529645442962646,2.079462766647339
1.193605274,0.2078867405653,0.3942855894565582,2.082568883895874
1.226233252,0.2093770056962967,0.3930623233318329,2.0862021446228027
1.261805887,0.21114103496074677,0.3918638825416565,2.0906546115875244
1.293741671,0.21247711777687073,0.39117762446403503,2.0941455364227295
1.325876617,0.21356938779354095,0.3905358612537384,2.097869873046875
1.361433922,0.21410727500915527,0.3895871341228485,2.1023898124694824
1.393522952,0.2146555781364441,0.3889005184173584,2.1067216396331787
1.425911989,0.21521081030368805,0.38839957118034363,2.1109352111816406
1.461695084,0.21585574746131897,0.38679665327072144,2.116575002670288
1.49358558,0.21632196009159088,0.385127454996109,2.121180295944214
1.526523757,0.21678821742534637,0.3837504982948303,2.125612497329712
1.561829865,0.21727557480335236,0.38261881470680237,2.1299476623535156
1.593633843,0.21896569430828094,0.3812536597251892,2.13277530670166
1.625755959,0.2209538072347641,0.37999778985977173,2.135223865509033
1.661816286,0.2232784777879715,0.3787952661514282,2.138382911682129
1.693626448,0.22461055219173431,0.3782242238521576,2.1397652626037598
1.72679045,0.2247091829776764,0.3782491087913513,2.1378917694091797
1.76166374,0.22487697005271912,0.3784194886684418,2.136542558670044
1.793730505,0.22513359785079956,0.37873584032058716,2.1356003284454346
1.826278591,0.22509634494781494,0.37916111946105957,2.1349692344665527
1.861926414,0.2237955778837204,0.3797402083873749,2.1343533992767334
1.893699195,0.22291603684425354,0.3803144693374634,2.1342315673828125
1.926117124,0.22217455506324768,0.38101235032081604,2.1344008445739746
1.961828317,0.22113364934921265,0.3810649514198303,2.133659601211548
1.993763346,0.2198350429534912,0.38051626086235046,2.132098913192749
2.026480237,0.21871288120746613,0.38011205196380615,2.1309947967529297
2.061719089,0.2174958735704422,0.3798438012599945,2.130178213119507
2.093921484,0.21494872868061066,0.3783780336380005,2.125561237335205
2.125800112,0.2126535177230835,0.3771878480911255,2.121699333190918
2.161838035,0.2106085568666458,0.37626373767852783,2.118542194366455
2.193879623,0.20875568687915802,0.3755597472190857,2.1159751415252686
2.226331557,0.20562224090099335,0.37695449590682983,2.109947443008423
2.261464363,0.2021324634552002,0.37873637676239014,2.1036503314971924
2.29354839,0.19960184395313263,0.38027140498161316,2.099490165710449
2.325172443,0.19736561179161072,0.38127365708351135,2.0958569049835205
2.361541026,0.19550150632858276,0.38069620728492737,2.092404365539551
2.393887156,0.19383007287979126,0.38030222058296204,2.089554786682129
2.426588367,0.19233550131320953,0.38001060485839844,2.087268114089966
2.460967655,0.19066451489925385,0.3800981044769287,2.082631826400757
2.493852488,0.18944717943668365,0.3804575502872467,2.078395366668701
2.526475494,0.18834824860095978,0.38091033697128296,2.074859142303467
2.562286317,0.1874058097600937,0.3813632130622864,2.0719645023345947
2.593518548,0.18674547970294952,0.38050609827041626,2.0687849521636963
2.626437409,0.18620382249355316,0.379407674074173,2.06593918800354
2.662908013,0.18559789657592773,0.3782669007778168,2.06317400932312
2.693736241,0.18436604738235474,0.3776644170284271,2.061361312866211
2.726672217,0.18092183768749237,0.37743207812309265,2.059544563293457
2.761548005,0.17777687311172485,0.3773781359195709,2.058204174041748
2.793811327,0.17488843202590942,0.377555787563324,2.0572729110717773
2.826825239,0.17195935547351837,0.3776213228702545,2.056201219558716
2.861743954,0.16761237382888794,0.3770732283592224,2.053555727005005
2.89388658,0.16441531479358673,0.3768472969532013,2.051973342895508
2.926167787,0.161483034491539,0.37681320309638977,2.050812244415283
2.961599199,0.1582920253276825,0.37735244631767273,2.0511138439178467
2.993850923,0.1548110991716385,0.37833371758461,2.0526649951934814
3.026236032,0.15155623853206635,0.37938037514686584,2.0543477535247803
3.061858895,0.14778335392475128,0.3807123601436615,2.05661678314209
3.093561906,0.14699013531208038,0.3808700442314148,2.052687406539917
3.126161482,0.14617139101028442,0.3811710476875305,2.0494320392608643
3.161929305,0.14533855020999908,0.3816016912460327,2.046780586242676
3.193490376,0.1445012092590332,0.3821435272693634,2.044658899307251
3.227627149,0.14376884698867798,0.37990954518318176,2.0400657653808594
3.261594255,0.14288178086280823,0.3775499165058136,2.035323143005371
3.293755536,0.14218540489673615,0.3759833574295044,2.032240152359009
3.326022451,0.1420108824968338,0.37470605969429016,2.0291736125946045
3.361604176,0.1433461457490921,0.3736323416233063,2.025117874145508
3.394710124,0.144539937376976,0.3727776110172272,2.0217387676239014
3.426169197,0.14563222229480743,0.372112512588501,2.0189638137817383
3.461727935,0.14677666127681732,0.3711819648742676,2.013859748840332
3.493746708,0.14754313230514526,0.37049663066864014,2.009324312210083
3.526296331,0.14819751679897308,0.3699951767921448,2.005507469177246
3.56184975,0.14870993793010712,0.36964869499206543,2.002322196960449
3.593777154,0.14882464706897736,0.36891210079193115,1.9980497360229492
3.626367386,0.14877532422542572,0.3682304918766022,1.993919849395752
3.661581988,0.1486503928899765,0.36762189865112305,1.9896721839904785
3.693380727,0.14821243286132812,0.36739638447761536,1.987540602684021
3.726477765,0.1468251496553421,0.36753374338150024,1.9875948429107666
3.762240531,0.1454845368862152,0.3677087128162384,1.987877368927002
3.79364682,0.14418700337409973,0.36796852946281433,1.9883770942687988
3.826403398,0.1427163928747177,0.3688330352306366,1.9883170127868652
3.861676926,0.14016877114772797,0.3715302050113678,1.985941767692566
3.893749997,0.13822370767593384,0.3736432194709778,1.9845328330993652
3.926063325,0.13636156916618347,0.37570425868034363,1.9835125207901
3.962051713,0.13540787994861603,0.3769911229610443,1.9829235076904297
3.993586207,0.1352577954530716,0.37764379382133484,1.9827344417572021
4.026056613,0.13499583303928375,0.37836235761642456,1.9828100204467773
4.061731475,0.1345290243625641,0.37934044003486633,1.9832425117492676
4.093622742,0.1356969177722931,0.38001343607902527,1.981484055519104
4.126473209,0.13670100271701813,0.380710244178772,1.980159044265747
4.161531609,0.13756626844406128,0.3814549744129181,1.9792108535766602
4.193809895,0.13831563293933868,0.38225093483924866,1.9786158800125122
4.225667457,0.14123526215553284,0.38232409954071045,1.9773153066635132
4.261669549,0.14447401463985443,0.3826136589050293,1.9761936664581299
4.293959531,0.14676564931869507,0.3829495906829834,1.9756557941436768
4.329482136,0.14935944974422455,0.3836056590080261,1.975581407546997
4.362793569,0.15324795246124268,0.38509872555732727,1.9762448072433472
4.396577239,0.1567629873752594,0.38667234778404236,1.9770792722702026
4.425981206,0.15994589030742645,0.38823869824409485,1.9780607223510742
4.461693847,0.1628790646791458,0.3893722891807556,1.9782932996749878
4.49362977,0.1646430790424347,0.3899421691894531,1.9781326055526733
4.526144534,0.16622696816921234,0.39058583974838257,1.97823166847229
4.561728584,0.1676367074251175,0.3913062512874603,1.978556513786316
4.593661109,0.169427290558815,0.39098605513572693,1.9792490005493164
4.626397335,0.17119409143924713,0.3904556632041931,1.9801406860351562
4.66161292,0.17317350208759308,0.3899499177932739,1.9814367294311523
4.693787504,0.17441579699516296,0.38942286372184753,1.9824483394622803
4.726388279,0.17505234479904175,0.3883129954338074,1.983150839805603
4.761263242,0.17558488249778748,0.38736963272094727,1.9840093851089478
4.793356463,0.17600196599960327,0.38657453656196594,1.9850151538848877
4.825872125,0.17641261219978333,0.38550856709480286,1.9859001636505127
4.861786828,0.17709268629550934,0.38315549492836,1.9863218069076538
4.8935017,0.17751751840114594,0.38164976239204407,1.9868695735931396
4.926429871,0.17781850695610046,0.38040363788604736,1.9875822067260742
4.96152907,0.17730091512203217,0.3805049657821655,1.9881610870361328
4.993627666,0.1761041134595871,0.38176411390304565,1.988632082939148
5.02579333,0.17491424083709717,0.38298866152763367,1.9892594814300537
5.06135731,0.17343463003635406,0.3845481872558594,1.9902411699295044
5.093651071,0.17278392612934113,0.38567644357681274,1.9909257888793945
5.126140969,0.17208166420459747,0.38684386014938354,1.9917423725128174
5.162144032,0.1713380068540573,0.3880150020122528,1.992676854133606
5.193916957,0.17055194079875946,0.3892187774181366,1.9937198162078857
5.226710491,0.1673380732536316,0.38830670714378357,1.9945539236068726
5.261571942,0.1635454297065735,0.38740870356559753,1.995775580406189
5.294008999,0.1606682389974594,0.3868905305862427,1.996878981590271
5.326614397,0.1582496464252472,0.3865281641483307,1.9969847202301025
5.361184421,0.156879261136055,0.38636916875839233,1.994155764579773
5.393783004,0.15549135208129883,0.3864095211029053,1.991824984550476
5.42634884,0.1540897637605667,0.3866147994995117,1.9899286031723022
5.461643812,0.1521410495042801,0.3864249885082245,1.9878515005111694
5.493938047,0.1505219042301178,0.38612568378448486,1.98647940158844
5.526316359,0.1489410400390625,0.3860050439834595,1.9854532480239868
5.561779508,0.14736934006214142,0.38600483536720276,1.9847296476364136
5.593640864,0.14504599571228027,0.3853996992111206,1.985418438911438
5.625967564,0.14257201552391052,0.38471531867980957,1.9865962266921997
5.661702792,0.13959722220897675,0.38403910398483276,1.9881916046142578
5.693812179,0.1375429779291153,0.3838284909725189,1.9897520542144775
5.726520861,0.13617706298828125,0.38424625992774963,1.9919121265411377
5.76149218,0.13478654623031616,0.3846988379955292,1.9940598011016846
5.79376734,0.13340893387794495,0.38536715507507324,1.9961910247802734
5.826195286,0.1322011947631836,0.3857973515987396,1.998120903968811
5.861516511,0.13133032619953156,0.38552042841911316,1.9998829364776611
5.894197799,0.1305435746908188,0.3854001462459564,2.00136399269104
5.926227272,0.12971439957618713,0.38532325625419617,2.0028998851776123
5.96181014,0.1293800175189972,0.38508954644203186,2.0049426555633545
5.993605798,0.12946534156799316,0.3847004175186157,2.007411003112793
6.02614178,0.1294187605381012,0.38440874218940735,2.0098400115966797
6.061673165,0.12921951711177826,0.384194940328598,2.012822151184082
6.093852166,0.13070936501026154,0.38542047142982483,2.015878200531006
6.126640521,0.1319877654314041,0.38655704259872437,2.01882004737854
6.161689817,0.13306640088558197,0.3876384198665619,2.0216691493988037
6.193893007,0.13396310806274414,0.3886852562427521,2.024416446685791
6.22588233,0.134640172123909,0.38810208439826965,2.0233426094055176
6.261941399,0.13524970412254333,0.3875274360179901,2.022406578063965
6.293307607,0.13556542992591858,0.38717612624168396,2.021942138671875
6.325806999,0.13596849143505096,0.38699954748153687,2.021493911743164
6.361489109,0.136882483959198,0.3872097432613373,2.020679235458374
6.39372777,0.13761653006076813,0.3874819576740265,2.02012038230896
6.425881304,0.13817204535007477,0.38783517479896545,2.0197947025299072
6.461270147,0.13958224654197693,0.39025309681892395,2.0198731422424316
6.493907862,0.14102023839950562,0.3930772542953491,2.020212411880493
6.526792102,0.14226245880126953,0.39574047923088074,2.0206820964813232
6.561940318,0.14332950115203857,0.39824771881103516,2.0212788581848145
6.593666747,0.1449396014213562,0.40071186423301697,2.0211362838745117
6.626148839,0.14662380516529083,0.4030393660068512,2.020906925201416
6.661627301,0.14844787120819092,0.40581128001213074,2.0208804607391357
6.693837699,0.1499311774969101,0.4072159230709076,2.0208444595336914
6.725980299,0.15184371173381805,0.4065704941749573,2.0204100608825684
6.76241196,0.15348291397094727,0.4060945510864258,2.020188808441162
6.793779101,0.1549055278301239,0.40576401352882385,2.0201549530029297
6.826699067,0.15654461085796356,0.40476033091545105,2.0200998783111572
6.861136807,0.15981081128120422,0.40083539485931396,2.019597291946411
6.89375013,0.1621094048023224,0.39810025691986084,2.0194315910339355
6.925950981,0.16415949165821075,0.39568474888801575,2.019453763961792
6.961641088,0.16644318401813507,0.39304932951927185,2.01979923248291
6.993683273,0.16893208026885986,0.3901968002319336,2.020413875579834
7.02598018,0.17123958468437195,0.38769808411598206,2.021132707595825
7.061120262,0.17388632893562317,0.3850187659263611,2.0221595764160156
7.093694234,0.1753530353307724,0.3800632059574127,2.0192198753356934
7.126291576,0.1766776144504547,0.37557339668273926,2.016732692718506
7.161660984,0.17787282168865204,0.37153929471969604,2.0146448612213135
7.193660223,0.17896202206611633,0.36796799302101135,2.0129165649414062
7.226298696,0.18054676055908203,0.36482951045036316,2.0080149173736572
7.261530194,0.18233966827392578,0.3614281117916107,2.00276255607605
7.293658629,0.18358838558197021,0.3590518534183502,1.9991871118545532
7.325958194,0.18405567109584808,0.35666486620903015,1.9958536624908447
7.361518698,0.18279431760311127,0.35362040996551514,1.9922529458999634
7.394067424,0.18166010081768036,0.35088956356048584,1.9891514778137207
7.427912561,0.18059246242046356,0.34845873713493347,1.9864863157272339
7.462118466,0.17915523052215576,0.3462793529033661,1.9825340509414673
7.493976968,0.1780032217502594,0.34498289227485657,1.9792852401733398
7.526785993,0.17694412171840668,0.3438974916934967,1.9764983654022217
7.561743668,0.17594993114471436,0.34298527240753174,1.9741122722625732
7.593345756,0.17543990910053253,0.3411555290222168,1.9726574420928955
7.625942821,0.17505024373531342,0.33925023674964905,1.9716477394104004
7.661973453,0.17451900243759155,0.33722519874572754,1.970710039138794
7.693740975,0.17404304444789886,0.33619970083236694,1.9693952798843384
7.726627263,0.1735571026802063,0.33631521463394165,1.966078281402588
7.761793739,0.17308881878852844,0.33651217818260193,1.9632084369659424
7.793710155,0.17261725664138794,0.33676570653915405,1.960769534111023
7.826418593,0.17193229496479034,0.3368103802204132,1.958173155784607
7.862063815,0.1703057736158371,0.3359651565551758,1.9536168575286865
7.893746869,0.1691206842660904,0.33545616269111633,1.9505130052566528
7.926333415,0.16797775030136108,0.3350641131401062,1.9478394985198975
7.961586796,0.16647374629974365,0.3341936469078064,1.9455374479293823
7.993709657,0.16470570862293243,0.3329165279865265,1.9435982704162598
8.027408525,0.16293425858020782,0.3318394422531128,1.941950798034668
8.061811781,0.1608828455209732,0.3307015001773834,1.9402633905410767
8.093830303,0.15906818211078644,0.3276181221008301,1.9386674165725708
8.126255098,0.15738900005817413,0.3248192071914673,1.9373342990875244
8.161815372,0.1558915078639984,0.32227569818496704,1.9362157583236694
8.194171595,0.15452516078948975,0.31995880603790283,1.9353256225585938
8.225865774,0.15374255180358887,0.3187802731990814,1.9333791732788086
8.261361334,0.15283776819705963,0.3175077438354492,1.931357502937317
8.293560951,0.15222372114658356,0.31668439507484436,1.9300377368927002
8.326394944,0.15212862193584442,0.3165896534919739,1.9283519983291626
8.361615315,0.1533704251050949,0.3182949721813202,1.925191879272461
8.394062188,0.1545364111661911,0.31990858912467957,1.92247474193573
8.425992044,0.1556503176689148,0.3213958442211151,1.9201250076293945
8.461477575,0.15734213590621948,0.3241141736507416,1.9184331893920898
8.493759944,0.1587483286857605,0.3266751766204834,1.9177367687225342
8.526110698,0.16005858778953552,0.3290462791919708,1.9172110557556152
8.561558813,0.16130226850509644,0.3312318027019501,1.9168148040771484
8.592898391,0.161359503865242,0.3325825333595276,1.917486548423767
8.625492773,0.16109409928321838,0.3336622714996338,1.9184787273406982
8.660955127,0.1607854664325714,0.3349243402481079,1.9197279214859009
8.693605853,0.16054390370845795,0.3356625735759735,1.921310305595398
8.726535887,0.16013912856578827,0.3359183073043823,1.9244667291641235
8.761811749,0.15981163084506989,0.33619675040245056,1.9274014234542847
8.793432464,0.15956874191761017,0.33646875619888306,1.9301573038101196
8.825817064,0.15962359309196472,0.3364565074443817,1.9329092502593994
8.861436728,0.16051970422267914,0.33534228801727295,1.9367154836654663
8.893751039,0.1611866056919098,0.3345467150211334,1.9395513534545898
8.9258096,0.16183845698833466,0.3338060677051544,1.942219614982605
8.961661452,0.16268502175807953,0.33332914113998413,1.943703055381775
8.993544241,0.1636641025543213,0.33319994807243347,1.9441884756088257
9.02597089,0.1645602285861969,0.3332080841064453,1.9447273015975952
9.06152474,0.16563943028450012,0.33327364921569824,1.9454649686813354
9.093632677,0.16648933291435242,0.3333217203617096,1.9466854333877563
9.125932288,0.16730032861232758,0.3333931863307953,1.9478908777236938
9.161838353,0.1680767834186554,0.3334845304489136,1.9490718841552734
9.193728698,0.168817400932312,0.3335457444190979,1.9502472877502441
9.228286732,0.17055033147335052,0.33310481905937195,1.953207015991211
9.261288242,0.17263537645339966,0.3326165974140167,1.9566493034362793
9.29387358,0.17428915202617645,0.33236050605773926,1.9592199325561523
9.326065546,0.17575258016586304,0.33195367455482483,1.9610497951507568
9.361900348,0.17678968608379364,0.33115020394325256,1.9611103534698486
9.394435621,0.17785073816776276,0.3303810656070709,1.9612815380096436
9.425662384,0.17896853387355804,0.3296830952167511,1.9615384340286255
9.461692671,0.1802901327610016,0.3285957872867584,1.9617820978164673
9.493583643,0.18134716153144836,0.3276667892932892,1.9619697332382202
9.526018428,0.18243162333965302,0.32679393887519836,1.962227702140808
9.561654529,0.18345502018928528,0.32592567801475525,1.9625380039215088
9.593858144,0.18438759446144104,0.32577264308929443,1.9613691568374634
9.625991117,0.185336634516716,0.32583582401275635,1.9599045515060425
9.661650511,0.18658506870269775,0.3258892297744751,1.9583756923675537
9.693701997,0.1877249777317047,0.32580992579460144,1.9578111171722412
9.72618733,0.18918561935424805,0.325517475605011,1.95862877368927
9.761578728,0.19065746665000916,0.32522743940353394,1.959418773651123
9.793559784,0.19214117527008057,0.3249364197254181,1.9601942300796509
9.827653038,0.1931774616241455,0.32439249753952026,1.9611960649490356
9.861724992,0.19290775060653687,0.3228060305118561,1.963263750076294
9.894228996,0.19285574555397034,0.32161039113998413,1.9648091793060303
9.926408061,0.19292360544204712,0.3204578757286072,1.9662683010101318
9.961687334,0.1928284615278244,0.3197809159755707,1.9679245948791504
9.993911723,0.19262517988681793,0.31960079073905945,1.9697571992874146
10.02603512,0.1925579160451889,0.3193931579589844,1.9714866876602173
10.061592858,0.19264498353004456,0.31911757588386536,1.9735180139541626
10.094753662,0.19427341222763062,0.3174293041229248,1.9733271598815918
10.12617437,0.19584444165229797,0.3158213198184967,1.9732311964035034
10.161778243,0.19740717113018036,0.3143102526664734,1.9732109308242798
10.193836708,0.19897684454917908,0.3128853738307953,1.973262071609497
10.226199398,0.19929669797420502,0.31134676933288574,1.9715933799743652
10.261656509,0.19990870356559753,0.3095133900642395,1.969820261001587
10.294100316,0.20051366090774536,0.30813148617744446,1.9686250686645508
10.325944226,0.2011074274778366,0.3070540130138397,1.9669464826583862
10.361975586,0.2014872133731842,0.3067677915096283,1.9635955095291138
10.39358571,0.20198048651218414,0.3064664602279663,1.9606428146362305
10.427436356,0.20260341465473175,0.30615538358688354,1.9580295085906982
10.462003286,0.20212386548519135,0.305815726518631,1.95365309715271
10.493772829,0.20122170448303223,0.3055492639541626,1.9498240947723389
10.526486903,0.20050658285617828,0.3052377700805664,1.9464285373687744
10.56171317,0.19992372393608093,0.30488985776901245,1.9433971643447876
10.593556089,0.19809237122535706,0.30518287420272827,1.941836953163147
10.626291975,0.19605772197246552,0.3056522309780121,1.9408166408538818
10.66207107,0.1938966065645218,0.3060731291770935,1.939734697341919
10.69368808,0.19209273159503937,0.3063827455043793,1.9382829666137695
10.726327119,0.18931487202644348,0.30681169033050537,1.934945821762085
10.761863693,0.18683721125125885,0.30709078907966614,1.9319543838500977
10.793778756,0.18466031551361084,0.3072717785835266,1.929308295249939
10.825794575,0.18279889225959778,0.30800628662109375,1.9270411729812622
10.861773327,0.1809198558330536,0.3107779026031494,1.9248931407928467
10.893543149,0.17965254187583923,0.3127046823501587,1.923405647277832
10.926947157,0.17858032882213593,0.314413845539093,1.9221073389053345
10.96215578,0.1776479333639145,0.3149726390838623,1.920966625213623
10.993394726,0.17685967683792114,0.31452757120132446,1.9199934005737305
11.026176692,0.17625842988491058,0.31407982110977173,1.919136643409729
11.061836494,0.17575345933437347,0.31350430846214294,1.918218731880188
11.093676452,0.17423966526985168,0.3148690462112427,1.9159696102142334
11.126128309,0.17299547791481018,0.31606048345565796,1.9139838218688965
11.16169838,0.17196251451969147,0.317098468542099,1.912206768989563
11.193601641,0.17108821868896484,0.31800830364227295,1.9106560945510864
11.227094498,0.1695198118686676,0.3157913088798523,1.9072990417480469
11.261817169,0.16794300079345703,0.31336164474487305,1.903610348701477
11.293584077,0.16694805026054382,0.31156036257743835,1.901026725769043
11.326017448,0.1661442071199417,0.3099125027656555,1.8995262384414673
11.361702969,0.16540591418743134,0.3085485100746155,1.9004379510879517
11.394835882,0.16488832235336304,0.30713164806365967,1.9013087749481201
11.426408151,0.16454492509365082,0.3057800829410553,1.9021254777908325
11.4609964,0.16436946392059326,0.30568671226501465,1.90486741065979
11.493085486,0.16440922021865845,0.3063160479068756,1.90776789188385
11.526232778,0.1645582765340805,0.306795597076416,1.9104307889938354
11.561616839,0.16482457518577576,0.3071597218513489,1.9128665924072266
11.593623542,0.16399069130420685,0.30769670009613037,1.9137319326400757
11.625501433,0.16297096014022827,0.3082045018672943,1.9141042232513428
11.661574743,0.1619940549135208,0.3086487948894501,1.9145574569702148
11.693977461,0.16175879538059235,0.3092421293258667,1.9144407510757446
11.726201946,0.1626354157924652,0.31075146794319153,1.9130321741104126
11.761759889,0.16358605027198792,0.3120354115962982,1.911778450012207
11.793764769,0.1645880788564682,0.3131224811077118,1.910697340965271
11.825747143,0.16559208929538727,0.3146570324897766,1.9098551273345947
11.861883995,0.16673532128334045,0.31857651472091675,1.909329891204834
11.893563727,0.16771680116653442,0.32130885124206543,1.9089841842651367
11.926146739,0.168777734041214,0.32371458411216736,1.908699870109558
11.961617134,0.16916710138320923,0.32515937089920044,1.9073058366775513
11.993649949,0.16908268630504608,0.32580891251564026,1.9050849676132202
12.026581481,0.16946913301944733,0.32628652453422546,1.903264045715332
12.061590455,0.1707627922296524,0.3266703188419342,1.901620626449585
12.093934702,0.17140862345695496,0.32840120792388916,1.9007880687713623
12.125788497,0.17290525138378143,0.32989588379859924,1.9004451036453247
12.161682352,0.17533257603645325,0.33112478256225586,1.9005539417266846
12.193664267,0.1787077933549881,0.33216437697410583,1.9011480808258057
12.226029453,0.18276651203632355,0.33168911933898926,1.9029535055160522
12.261588575,0.18931682407855988,0.3310796320438385,1.905656337738037
12.293914391,0.19576235115528107,0.3306114673614502,1.908130168914795
12.326093192,0.20305278897285461,0.3306390643119812,1.9108836650848389
12.361393206,0.21066027879714966,0.3321145176887512,1.9139641523361206
12.393581169,0.21954314410686493,0.33345064520835876,1.9170770645141602
12.426115147,0.22975634038448334,0.3346561789512634,1.9200600385665894
12.461896835,0.24348008632659912,0.3364255428314209,1.9234133958816528
12.49385477,0.25561222434043884,0.33784908056259155,1.9256649017333984
12.526711329,0.2693360149860382,0.33897143602371216,1.927259087562561
12.561832363,0.28471434116363525,0.3396402597427368,1.9281706809997559
12.593622755,0.2986871898174286,0.33805179595947266,1.9296352863311768
12.626084948,0.3136547803878784,0.3349361717700958,1.9304810762405396
12.661761063,0.33522969484329224,0.3290499746799469,1.92970609664917
12.693649998,0.35472455620765686,0.32282158732414246,1.9277849197387695
12.727170282,0.37645992636680603,0.3158724904060364,1.9252824783325195
12.761217248,0.3993697166442871,0.30853429436683655,1.9193012714385986
12.793693411,0.41937384009361267,0.30499228835105896,1.9170788526535034
12.826159102,0.4248487651348114,0.3144937753677368,1.9352428913116455
12.861819282,0.41736266016960144,0.3244825005531311,1.9672311544418335
12.893704707,0.41381269693374634,0.3292675316333771,1.984189510345459
12.92593725,0.4114026725292206,0.33102768659591675,1.9942656755447388
12.961962799,0.41068288683891296,0.324947714805603,1.9994133710861206
12.993835765,0.41360151767730713,0.3134654462337494,2.003408908843994
13.02627215,0.4201776683330536,0.3025493919849396,2.0064237117767334
13.06206128,0.4341718554496765,0.28991302847862244,2.0081799030303955
13.093087183,0.4532961845397949,0.27402040362358093,2.005373001098633
13.125574567,0.4710114598274231,0.23487846553325653,2.0348691940307617
13.161757943,0.4910563826560974,0.19476960599422455,2.06313419342041
13.19404607,0.5119374990463257,0.1561257243156433,2.0845673084259033
13.226254152,0.530090868473053,0.11716054379940033,2.1013360023498535
13.261342967,0.5515899062156677,0.07417311519384384,2.111208915710449
13.293645612,0.5696044564247131,0.04601730778813362,2.109525203704834
13.326435343,0.5845117568969727,0.02338583953678608,2.0998220443725586
13.36171627,0.5869059562683105,0.006341525353491306,2.084064483642578
13.394332284,0.5940828919410706,-0.005907383281737566,2.0619397163391113
13.426752517,0.6053978204727173,-0.012933650985360146,2.0348105430603027
13.461856131,0.6174250841140747,-0.009989629499614239,2.021491765975952
13.493472484,0.6240329742431641,0.003258007811382413,2.016117811203003
13.526117348,0.6329076886177063,0.02030068263411522,2.0077457427978516
13.56174965,0.6464986205101013,0.04052701219916344,1.995391607284546
13.59355763,0.6573663949966431,0.06934694945812225,1.9822237491607666
13.62618304,0.6682659983634949,0.0958697646856308,1.9703863859176636
13.661369476,0.684544563293457,0.11604703217744827,1.9712857007980347
13.693731521,0.7000290155410767,0.10937674343585968,2.0052740573883057
13.72630433,0.7189856767654419,0.09973505884408951,2.033085823059082
13.761856215,0.7392647862434387,0.09106424450874329,2.0534181594848633
13.794358763,0.7600488662719727,0.08340497314929962,2.066814661026001
13.826469845,0.786169171333313,0.07756499201059341,2.073448896408081
13.861749537,0.8372560739517212,0.0755757987499237,2.0720605850219727
13.893767978,0.8746369481086731,0.07711414992809296,2.065239429473877
13.9260507,0.9086462259292603,0.08233186602592468,2.0539705753326416
13.961789615,0.9375475645065308,0.09208540618419647,2.039079427719116
13.993675802,0.9616698026657104,0.10632418096065521,2.0213913917541504
14.026294717,0.9831848740577698,0.12429942190647125,2.0013692378997803
14.06172907,1.0102020502090454,0.1491466611623764,1.9827935695648193
14.09402516,1.027099609375,0.17543667554855347,1.9734786748886108
14.126260468,1.0425857305526733,0.2054322063922882,1.9705878496170044
14.161757717,1.0593302249908447,0.23759733140468597,1.968968152999878
14.193623972,1.0784757137298584,0.2708895802497864,1.9650654792785645
14.226936034,1.094049334526062,0.305452823638916,1.961127758026123
14.261770277,1.1166999340057373,0.3474625051021576,1.9523082971572876
14.29373821,1.136324405670166,0.38093411922454834,1.9421449899673462
14.326234575,1.1346344947814941,0.38474413752555847,1.9868803024291992
14.361619666,1.0957272052764893,0.3419121503829956,2.1259782314300537
14.393877485,1.05869460105896,0.29932814836502075,2.257371187210083
14.42645433,1.0219007730484009,0.25634148716926575,2.380526065826416
14.461800618,0.975090503692627,0.2005985826253891,2.522199869155884
14.493694284,0.9363515973091125,0.1551041156053543,2.625173568725586
14.526572943,0.8964381814002991,0.10971793532371521,2.7182915210723877
14.561877325,0.8555580973625183,0.06475326418876648,2.800766706466675
14.593757346,0.8187977075576782,0.005320695694535971,2.8815934658050537
14.625870584,0.7836194038391113,-0.05761806666851044,2.9532997608184814
14.661648753,0.7405232787132263,-0.1341392546892166,3.0257747173309326
14.693860993,0.7078362107276917,-0.19393908977508545,3.069758176803589
14.726492921,0.6777735948562622,-0.2530014216899872,3.1005098819732666
14.761924216,0.6492820978164673,-0.31121838092803955,3.1210172176361084
14.793716206,0.6222153902053833,-0.3688479959964752,3.1318442821502686
14.82626304,0.5962693095207214,-0.42581403255462646,3.1338956356048584
14.862140475,0.5650351047515869,-0.49591392278671265,3.126269578933716
14.893531636,0.5403861403465271,-0.5525543689727783,3.112478017807007
14.926984737,0.5145485401153564,-0.6102592945098877,3.092689275741577
14.961679187,0.48651549220085144,-0.6704529523849487,3.0665791034698486
14.993527113,0.45428094267845154,-0.7333871722221375,3.0346007347106934
15.026108639,0.4161492586135864,-0.7978090047836304,2.997523069381714
15.061850096,0.3594493567943573,-0.8792802095413208,2.9448440074920654
15.093691993,0.30539751052856445,-0.9609148502349854,2.9010634422302246
15.126709663,0.244766965508461,-1.040032148361206,2.855620861053467
15.162071291,0.1783115565776825,-1.1154561042785645,2.8098623752593994
15.193653644,0.10783150047063828,-1.1864880323410034,2.764805555343628
15.226063673,0.011030000634491444,-1.2564711570739746,2.715723991394043
15.261837013,-0.10789263993501663,-1.3363136053085327,2.657170534133911
15.293607347,-0.19907332956790924,-1.394500970840454,2.612417697906494
15.325816446,-0.28721779584884644,-1.4448480606079102,2.568838357925415
15.361774378,-0.37531939148902893,-1.4817113876342773,2.5253727436065674
15.393457045,-0.45529720187187195,-1.516088604927063,2.4829459190368652
15.42620051,-0.5263739824295044,-1.548468828201294,2.4413702487945557
15.462156593,-0.5941059589385986,-1.5803773403167725,2.3916656970977783
15.493949372,-0.6337225437164307,-1.6011658906936646,2.353309392929077
15.526633428,-0.6641193628311157,-1.620709776878357,2.315443515777588
15.561418932,-0.6854555010795593,-1.638883113861084,2.277665853500366
15.594164045,-0.6851215958595276,-1.654521107673645,2.2390987873077393
15.62624269,-0.6729782819747925,-1.6681785583496094,2.1997785568237305
15.66150943,-0.6475775241851807,-1.6826409101486206,2.14939546585083
15.69386803,-0.6144917607307434,-1.6928825378417969,2.117908000946045
15.726382854,-0.5624261498451233,-1.7022099494934082,2.100583553314209
15.761755462,-0.5070319771766663,-1.7065385580062866,2.090346574783325
15.79385822,-0.5000802874565125,-1.7126191854476929,2.153592586517334
15.826170286,-0.5195810794830322,-1.7171545028686523,2.258222818374634
15.861695641,-0.5418781042098999,-1.713532567024231,2.385751724243164
15.893787785,-0.5608969926834106,-1.7116544246673584,2.4781389236450195
15.925929869,-0.5813094973564148,-1.709243655204773,2.5610923767089844
15.961655586,-0.6019103527069092,-1.7075186967849731,2.6339359283447266
15.993952371,-0.6213885545730591,-1.7071399688720703,2.696686267852783
16.026550022,-0.6394047141075134,-1.7078684568405151,2.7502005100250244
16.062552456,-0.6615787148475647,-1.7108486890792847,2.8054521083831787
16.09373415,-0.680566668510437,-1.7107917070388794,2.8378851413726807
16.126254882,-0.7011435627937317,-1.7103402614593506,2.8615775108337402
16.161298211,-0.7227393984794617,-1.7085834741592407,2.875431776046753
16.193617333,-0.7440534234046936,-1.70478355884552,2.8788411617279053
16.229425346,-0.7919766902923584,-1.710300087928772,2.8763935565948486
16.261948162,-0.8426538705825806,-1.713341474533081,2.8602724075317383
16.293527746,-0.8756043314933777,-1.713873028755188,2.839883804321289
16.326321825,-0.8966333866119385,-1.7091760635375977,2.8106985092163086
16.361599506,-0.8937141299247742,-1.6916275024414062,2.7669694423675537
16.393833615,-0.8906612396240234,-1.6728585958480835,2.7194275856018066
16.42629367,-0.8872312903404236,-1.6516839265823364,2.6692850589752197
16.461668133,-0.875241219997406,-1.6187013387680054,2.601605176925659
16.49416658,-0.8618363738059998,-1.5882422924041748,2.5445878505706787
16.525837973,-0.8485791683197021,-1.556343913078308,2.4847071170806885
16.561593488,-0.8347600698471069,-1.5232536792755127,2.4227192401885986
16.593574728,-0.8209325075149536,-1.479210376739502,2.358518600463867
16.626201047,-0.8054670691490173,-1.4319850206375122,2.2935328483581543
16.662087138,-0.7827760577201843,-1.373834252357483,2.21195387840271
16.693052596,-0.7650768756866455,-1.3281631469726562,2.162459373474121
16.725919661,-0.7544453740119934,-1.2828491926193237,2.1597959995269775
16.761272638,-0.739746630191803,-1.2370437383651733,2.1563611030578613
16.793737572,-0.7209710478782654,-1.1915595531463623,2.1522254943847656
16.826182909,-0.698037326335907,-1.1472718715667725,2.1477999687194824
16.86179775,-0.6645340323448181,-1.0944749116897583,2.144256591796875
16.893930708,-0.6359939575195312,-1.0543164014816284,2.1395554542541504
16.926277532,-0.6095647215843201,-1.0191359519958496,2.141382932662964
16.961686785,-0.5840794444084167,-0.9932413101196289,2.1491732597351074
16.993727386,-0.5570937395095825,-0.973307728767395,2.1545181274414062
17.025455037,-0.5305140614509583,-0.9543301463127136,2.157531976699829
17.061955444,-0.4975627064704895,-0.9312664270401001,2.1575207710266113
17.093595558,-0.4622771441936493,-0.9143841862678528,2.1526243686676025
17.126833277,-0.42799147963523865,-0.8978291749954224,2.1469545364379883
17.162114377,-0.39497122168540955,-0.8815308213233948,2.141052722930908
17.194153929,-0.3638123571872711,-0.8654870390892029,2.135465621948242
17.225976119,-0.33351123332977295,-0.8562003374099731,2.140374183654785
17.261921884,-0.29860663414001465,-0.8452415466308594,2.1448473930358887
17.293666304,-0.2732788324356079,-0.8375784754753113,2.148369312286377
17.325855896,-0.2504097819328308,-0.8320604562759399,2.1516737937927246
17.361838686,-0.23160432279109955,-0.8317948579788208,2.156208038330078
17.393511589,-0.21477584540843964,-0.8319053649902344,2.1604812145233154
17.42619248,-0.20022960007190704,-0.8318751454353333,2.1643643379211426
17.461883459,-0.18547771871089935,-0.8345077633857727,2.1666622161865234
17.493868604,-0.1766507476568222,-0.8375700116157532,2.1674230098724365
17.526123984,-0.17002740502357483,-0.8401256203651428,2.168342351913452
17.56205759,-0.16458334028720856,-0.8424254655838013,2.169302225112915
17.593837913,-0.16201195120811462,-0.8444827795028687,2.170189142227173
17.625943943,-0.16051843762397766,-0.8462666869163513,2.170999765396118
17.661830434,-0.1587364673614502,-0.8479215502738953,2.171823740005493
17.693725769,-0.1574966013431549,-0.8485829830169678,2.172661781311035
17.726542706,-0.15685977041721344,-0.84832763671875,2.1741669178009033
17.761695886,-0.1560227870941162,-0.8473886847496033,2.1753571033477783
17.793971258,-0.15489889681339264,-0.8456137180328369,2.1760947704315186
17.826187702,-0.15316708385944366,-0.842656672000885,2.1762709617614746
17.861843475,-0.14938610792160034,-0.8364347219467163,2.1750526428222656
17.893763907,-0.14571449160575867,-0.8298463225364685,2.173003911972046
17.926304558,-0.14133509993553162,-0.8215504288673401,2.1695916652679443
17.961506723,-0.13430628180503845,-0.8122203350067139,2.164576530456543
17.993823695,-0.12992723286151886,-0.7997551560401917,2.162776231765747
18.026929667,-0.13460785150527954,-0.7835373878479004,2.166816473007202
18.061746245,-0.15366724133491516,-0.7748082876205444,2.1934099197387695
18.093665444,-0.16626068949699402,-0.7614243626594543,2.208652973175049
18.125490926,-0.17850063741207123,-0.7457040548324585,2.2160046100616455
18.161577269,-0.18844754993915558,-0.7329845428466797,2.216813087463379
18.193891141,-0.19710393249988556,-0.7220179438591003,2.214486837387085
18.226597101,-0.20014983415603638,-0.7039185166358948,2.2083773612976074
18.261382645,-0.19964700937271118,-0.681908130645752,2.2078707218170166
18.293781086,-0.19763700664043427,-0.6641359925270081,2.2059438228607178
18.325968384,-0.1931985318660736,-0.6459751725196838,2.20208740234375
18.361613762,-0.18512548506259918,-0.6281499862670898,2.195664405822754
18.39516497,-0.17398607730865479,-0.6107556223869324,2.1904354095458984
18.426132108,-0.15099787712097168,-0.606593668460846,2.208153486251831
18.461695667,-0.11940208822488785,-0.5972397327423096,2.218432664871216
18.49355596,-0.09247629344463348,-0.5884726047515869,2.2184505462646484
18.526160316,-0.06508293747901917,-0.5799656510353088,2.2132251262664795
18.56156789,-0.03819989040493965,-0.5724455714225769,2.203721284866333
18.59390798,0.0010960954241454601,-0.5580568313598633,2.186812162399292
18.626028931,0.039133552461862564,-0.5419895648956299,2.1760027408599854
18.661747876,0.08383315801620483,-0.5244706869125366,2.1627249717712402
18.69358303,0.11604419350624084,-0.5136359333992004,2.152200222015381
18.726638237,0.1418689489364624,-0.5093470215797424,2.1415841579437256
18.761679648,0.16644810140132904,-0.5070732235908508,2.1310906410217285
18.793486518,0.18994231522083282,-0.5061706304550171,2.1203560829162598
18.825646685,0.21020372211933136,-0.5072334408760071,2.1099770069122314
18.862229097,0.22430962324142456,-0.5157536864280701,2.1024200916290283
18.893937512,0.23230284452438354,-0.5214205980300903,2.0964276790618896
18.926489306,0.23595070838928223,-0.5253920555114746,2.0923593044281006
18.961662353,0.2364327311515808,-0.529291033744812,2.0884408950805664
18.99362971,0.23514804244041443,-0.5336853861808777,2.08459210395813
19.026101167,0.2338368147611618,-0.5379849076271057,2.081216335296631
19.061853595,0.23217417299747467,-0.5432341694831848,2.077587842941284
19.093583502,0.2311284989118576,-0.5463031530380249,2.0750272274017334
19.126105841,0.2300352305173874,-0.5493807792663574,2.0727949142456055
19.161643957,0.22890032827854156,-0.5524706244468689,2.070858955383301
19.193702099,0.22772307693958282,-0.5555764436721802,2.069190263748169
19.226760738,0.2269430011510849,-0.5574713945388794,2.0655980110168457
19.261989143,0.2258794605731964,-0.5600085854530334,2.0617141723632812
19.294162548,0.22496894001960754,-0.5621585249900818,2.059037208557129
19.326568531,0.22406096756458282,-0.5640571713447571,2.0566658973693848
19.36199561,0.22325947880744934,-0.5650532841682434,2.054518222808838
19.395061739,0.22237443923950195,-0.5662384629249573,2.0526721477508545
19.425929949,0.2214345484972,-0.5675941705703735,2.0510969161987305
19.461539386,0.22030042111873627,-0.5663086771965027,2.047562837600708
19.493657738,0.21934616565704346,-0.5640788674354553,2.0441901683807373
19.526710861,0.21826493740081787,-0.562313437461853,2.041240930557251
19.561932042,0.21706512570381165,-0.5609492063522339,2.038666009902954
19.593678859,0.2161187082529068,-0.5576286315917969,2.0374557971954346
19.626274297,0.2151920348405838,-0.5541130900382996,2.0367650985717773
19.66196683,0.21385298669338226,-0.5504449009895325,2.036102771759033
19.693398723,0.2130928337574005,-0.547461748123169,2.0350639820098877
19.726363746,0.2134532928466797,-0.5433610677719116,2.03235125541687
19.761781854,0.21363632380962372,-0.5398117303848267,2.0299835205078125
19.793602473,0.21364618837833405,-0.536783754825592,2.0279273986816406
19.825924149,0.21384012699127197,-0.5339800715446472,2.0260093212127686
19.861847241,0.21511828899383545,-0.5301621556282043,2.023465156555176
19.893569814,0.21590957045555115,-0.5276318788528442,2.021703004837036
19.926546673,0.21649767458438873,-0.5255405306816101,2.0201568603515625
19.961865083,0.21707557141780853,-0.5231329798698425,2.0165576934814453
19.993006101,0.21764618158340454,-0.5204736590385437,2.0112547874450684
20.025828513,0.21803121268749237,-0.5182605981826782,2.006524085998535
20.061023172,0.21826830506324768,-0.5160722136497498,2.001332998275757
20.092995711,0.2193208783864975,-0.5146332383155823,1.9996010065078735
20.125167856,0.22017449140548706,-0.5135306715965271,1.9980626106262207
20.161035667,0.22083811461925507,-0.5127493143081665,1.9966915845870972
20.193038737,0.22132284939289093,-0.5122852921485901,1.9954922199249268
20.225469122,0.21912609040737152,-0.5093140602111816,1.9919675588607788
20.261003768,0.21642281115055084,-0.5062754154205322,1.9880852699279785
20.293019149,0.21426428854465485,-0.5043063163757324,1.9853522777557373
20.325120888,0.21246328949928284,-0.5026566982269287,1.982725739479065
20.36164331,0.21171891689300537,-0.5012375712394714,1.9798359870910645
20.393802788,0.2108304649591446,-0.5001358389854431,1.9772706031799316
20.426362221,0.20978893339633942,-0.499329537153244,1.9749761819839478
20.461659654,0.20710042119026184,-0.4970131814479828,1.9711579084396362
20.493818421,0.2042696475982666,-0.494728147983551,1.9678329229354858
20.526667154,0.20142966508865356,-0.4928379952907562,1.9648840427398682
20.561564485,0.19856274127960205,-0.4913143515586853,1.9622446298599243
20.593733456,0.19601048529148102,-0.4899580180644989,1.9595415592193604
20.626029819,0.19354568421840668,-0.4888230562210083,1.9570136070251465
20.661529687,0.190407857298851,-0.48772794008255005,1.9542547464370728
20.693788278,0.18807868659496307,-0.4872874915599823,1.9526004791259766
20.726633486,0.1863299459218979,-0.48764681816101074,1.9518758058547974
20.762164419,0.1844739019870758,-0.4880995452404022,1.9512529373168945
20.793799049,0.1825149953365326,-0.48859384655952454,1.9507569074630737
20.826262299,0.18168774247169495,-0.48906269669532776,1.9496638774871826
20.861755739,0.18484029173851013,-0.4894690215587616,1.9460525512695312
20.893819636,0.1869390606880188,-0.48977822065353394,1.9435465335845947
20.926025608,0.18870599567890167,-0.4900757074356079,1.9413652420043945
20.961685708,0.1900949329137802,-0.4892255365848541,1.9388737678527832
20.99364,0.19118499755859375,-0.4873135983943939,1.9361952543258667
21.026501856,0.1921028345823288,-0.48548221588134766,1.9338845014572144
21.061799268,0.192951500415802,-0.4832267761230469,1.9314547777175903
21.093608218,0.1950695514678955,-0.47895145416259766,1.9300743341445923
21.126351192,0.19689790904521942,-0.47483453154563904,1.9289615154266357
21.161673886,0.19848361611366272,-0.4708288013935089,1.9280575513839722
21.19377274,0.1998012214899063,-0.4669235944747925,1.927406668663025
21.226228318,0.20158739387989044,-0.46447697281837463,1.9267216920852661
21.261517739,0.20342665910720825,-0.46134594082832336,1.9261666536331177
21.293697417,0.20461587607860565,-0.45878440141677856,1.9259564876556396
21.3262943,0.20541231334209442,-0.4558635652065277,1.925905466079712
21.361680663,0.20553947985172272,-0.45206212997436523,1.9259145259857178
21.39389516,0.20549234747886658,-0.4482075870037079,1.926107406616211
21.426271238,0.20524351298809052,-0.4442468583583832,1.9264447689056396
21.461632975,0.20510956645011902,-0.4400475025177002,1.9269105195999146
21.493803584,0.20498594641685486,-0.43689435720443726,1.9273245334625244
21.525869161,0.20464475452899933,-0.4334169328212738,1.927922010421753
21.56210947,0.20409409701824188,-0.4296337962150574,1.9285796880722046
21.593667528,0.20367740094661713,-0.4258183538913727,1.9299774169921875
21.626192456,0.20318922400474548,-0.4219685196876526,1.9315069913864136
21.661913984,0.20233947038650513,-0.4171332120895386,1.933208703994751
21.694324921,0.20198388397693634,-0.41361722350120544,1.9341200590133667
21.726513626,0.2030392587184906,-0.41105183959007263,1.9340451955795288
21.76112132,0.20383264124393463,-0.408480167388916,1.933898687362671
21.793719375,0.2044532597064972,-0.40596210956573486,1.9337444305419922
21.826183103,0.2050146460533142,-0.40389469265937805,1.9330042600631714
21.861663755,0.205837219953537,-0.4029054641723633,1.9303051233291626
21.894412744,0.2062927782535553,-0.40215370059013367,1.9283170700073242
21.926558205,0.20654788613319397,-0.4014787971973419,1.9264565706253052
21.961434065,0.20692479610443115,-0.40131238102912903,1.9258660078048706
21.993483168,0.207421213388443,-0.4014904797077179,1.926462173461914
22.026167977,0.2077096402645111,-0.4015301764011383,1.926910400390625
22.06158178,0.20778948068618774,-0.40120023488998413,1.9272867441177368
22.094035776,0.2077896147966385,-0.3988635838031769,1.9288376569747925
22.126549599,0.20763133466243744,-0.3961007595062256,1.9300611019134521
22.161810737,0.2072264552116394,-0.39272814989089966,1.9309325218200684
22.194160469,0.2066693753004074,-0.3885348439216614,1.931435227394104
22.226203153,0.2055961638689041,-0.38589179515838623,1.933948278427124
22.261743779,0.20395255088806152,-0.38047078251838684,1.9358141422271729
22.298878887,0.20248782634735107,-0.37414756417274475,1.9360108375549316
22.329774029,0.2007979452610016,-0.36583784222602844,1.9352093935012817
22.36098699,0.19880066812038422,-0.3554142415523529,1.9337337017059326
22.393520314,0.19662752747535706,-0.3425249457359314,1.9295662641525269
22.425808268,0.1943168193101883,-0.32705336809158325,1.9218816757202148
22.461611273,0.20813238620758057,-0.3383203148841858,1.9760823249816895
22.495489098,0.2286331057548523,-0.35317233204841614,2.0265815258026123
22.526475152,0.24950623512268066,-0.36751213669776917,2.0679380893707275
22.561692233,0.27060091495513916,-0.3817119300365448,2.100311279296875
22.593707393,0.2972734868526459,-0.39116010069847107,2.124361753463745
22.626207993,0.3247888386249542,-0.3995550274848938,2.1394970417022705
22.661820376,0.3571975529193878,-0.4107770621776581,2.1454226970672607
22.693915678,0.3851563036441803,-0.4212318956851959,2.1382758617401123
22.726822657,0.4223109185695648,-0.43495941162109375,2.1181063652038574
22.761818815,0.4566359221935272,-0.44773003458976746,2.089027166366577
22.79358095,0.4880247116088867,-0.4586978256702423,2.0515012741088867
22.826484261,0.5143941044807434,-0.46817547082901,2.006211996078491
22.861738192,0.541391909122467,-0.479778915643692,1.9944231510162354
22.893651074,0.5637194514274597,-0.487514853477478,1.9875770807266235
22.926772667,0.5872007012367249,-0.49472731351852417,1.9780555963516235
22.961501123,0.6053388714790344,-0.501656711101532,1.9681113958358765
22.993730937,0.6117262244224548,-0.5226606130599976,1.9816073179244995
23.026164937,0.6126046180725098,-0.556823194026947,2.010842800140381
23.061972945,0.6116507053375244,-0.6239785552024841,2.0748231410980225
23.093819166,0.6136378645896912,-0.6883249282836914,2.1275761127471924
23.1261,0.6167256832122803,-0.7513587474822998,2.1705498695373535
23.16153186,0.6205415725708008,-0.8131375312805176,2.2038323879241943
23.193663617,0.6246600151062012,-0.8737089037895203,2.22763991355896
23.225975955,0.6411428451538086,-0.9240596890449524,2.232074022293091
23.261685066,0.6609344482421875,-0.9865466952323914,2.226088762283325
23.293791971,0.6759845614433289,-1.0361077785491943,2.211954355239868
23.326388566,0.6923910975456238,-1.0857853889465332,2.188551902770996
23.361639905,0.7140344977378845,-1.136407494544983,2.154527187347412
23.394060836,0.7340318560600281,-1.18532133102417,2.1132543087005615
23.426175035,0.7523432374000549,-1.2319344282150269,2.065217971801758
23.461711936,0.7708515524864197,-1.2842907905578613,2.0218348503112793
23.493851193,0.7819908261299133,-1.3212682008743286,2.0131959915161133
23.526335529,0.7916359305381775,-1.3577619791030884,2.0010480880737305
23.561788885,0.8002566695213318,-1.3945261240005493,1.984860897064209
23.593926631,0.8023521304130554,-1.4235063791275024,1.9667669534683228
23.625937286,0.7947030663490295,-1.4479509592056274,1.9620493650436401
23.661825371,0.7855184674263,-1.4728692770004272,1.9593416452407837
23.694113127,0.780386209487915,-1.4817932844161987,1.9666037559509277
23.726493013,0.7774093151092529,-1.480360507965088,1.972458839416504
23.761751401,0.7744845151901245,-1.4776122570037842,1.9754449129104614
23.793705929,0.7717149257659912,-1.4733388423919678,1.9756879806518555
23.826238286,0.7699893116950989,-1.4673339128494263,1.9724254608154297
23.862317608,0.7724899053573608,-1.4564127922058105,1.9664779901504517
23.893788497,0.7766169905662537,-1.4459129571914673,1.9636188745498657
23.926164816,0.7825995087623596,-1.4344557523727417,1.9598513841629028
23.961540172,0.7908172607421875,-1.4223850965499878,1.95456862449646
23.993769286,0.8015187978744507,-1.4100626707077026,1.9474576711654663
24.026112422,0.8067124485969543,-1.39642333984375,1.9480279684066772
24.061710872,0.8087073564529419,-1.3838303089141846,1.947896957397461
24.093496571,0.8054540157318115,-1.375610113143921,1.9473066329956055
24.126532859,0.8001305460929871,-1.368784785270691,1.9462108612060547
24.161724991,0.7981241345405579,-1.361295223236084,1.9468536376953125
24.193557803,0.7979494333267212,-1.3535802364349365,1.9466675519943237
24.22600106,0.7986118197441101,-1.3487792015075684,1.948195457458496
24.26194883,0.7989968061447144,-1.3431849479675293,1.9498472213745117
24.293967333,0.7990477085113525,-1.3390153646469116,1.9510148763656616
24.326362434,0.7987924218177795,-1.3349689245224,1.9519367218017578
24.361573228,0.7980313301086426,-1.3308601379394531,1.9524050951004028
24.393702642,0.7971774339675903,-1.3270444869995117,1.9528387784957886
24.425300416,0.7961850762367249,-1.323504090309143,1.9532145261764526
24.461390362,0.7943718433380127,-1.3196334838867188,1.9533411264419556
24.493586727,0.7926080822944641,-1.3169033527374268,1.9532731771469116
24.527155163,0.7907390594482422,-1.3143727779388428,1.9531852006912231
24.561701523,0.788821280002594,-1.3120132684707642,1.9530816078186035
24.593478774,0.7879260778427124,-1.3105006217956543,1.953041672706604
24.625891794,0.7872622013092041,-1.3092808723449707,1.9529997110366821
24.661398319,0.7862582206726074,-1.3078529834747314,1.9529213905334473
24.69378963,0.7853256464004517,-1.3065237998962402,1.9522106647491455
24.726618549,0.7842853665351868,-1.304555892944336,1.949747085571289
24.761878846,0.7831949591636658,-1.302709937095642,1.9474918842315674
24.793113501,0.7820987105369568,-1.30094575881958,1.9454607963562012
24.825932261,0.7812318205833435,-1.2990506887435913,1.9433680772781372
24.861576145,0.7809901833534241,-1.2960423231124878,1.9401646852493286
24.894326047,0.7806635499000549,-1.293779730796814,1.9378548860549927
24.926684492,0.7801756858825684,-1.2916053533554077,1.935732364654541
24.961802334,0.7797552943229675,-1.2909067869186401,1.9348671436309814
24.993723486,0.7794495224952698,-1.2915284633636475,1.9351152181625366
25.026162014,0.7790493965148926,-1.292052149772644,1.9353039264678955
25.061720221,0.7784163355827332,-1.292507290840149,1.9354662895202637
25.093939354,0.7767031192779541,-1.2905750274658203,1.9354506731033325
25.126107619,0.7750123739242554,-1.2887698411941528,1.935417890548706
25.161555345,0.7733339071273804,-1.2870975732803345,1.9353519678115845
25.193662844,0.7716668248176575,-1.2855168581008911,1.9352784156799316
25.226755769,0.7705137729644775,-1.2858484983444214,1.9337557554244995
25.261473516,0.7690533399581909,-1.286159873008728,1.9320306777954102
25.293707214,0.7678533792495728,-1.286329746246338,1.9307769536972046
25.326247865,0.7663126587867737,-1.286431908607483,1.929541826248169
25.361698612,0.7638543844223022,-1.2864806652069092,1.928143858909607
25.39454244,0.7614672780036926,-1.2865115404129028,1.926877737045288
25.425999026,0.7591575384140015,-1.2864909172058105,1.9257152080535889
25.461521863,0.7560025453567505,-1.2858293056488037,1.922663927078247
25.493770638,0.7533994317054749,-1.284969687461853,1.919614553451538
25.526360116,0.7508761882781982,-1.2841540575027466,1.9168686866760254
25.561763488,0.7484126687049866,-1.283413290977478,1.914366364479065
25.594517101,0.7460798025131226,-1.2830727100372314,1.9102004766464233
25.626039745,0.7438142895698547,-1.2828460931777954,1.905812382698059
25.661738062,0.741028904914856,-1.2825636863708496,1.9009013175964355
25.693610014,0.7387499213218689,-1.2822918891906738,1.8972212076187134
25.726373373,0.7362701296806335,-1.2818400859832764,1.8934067487716675
25.76164919,0.7338532209396362,-1.281463861465454,1.8899112939834595
25.794217041,0.7315109372138977,-1.281186580657959,1.8867652416229248
25.826390067,0.7298250198364258,-1.2811353206634521,1.8839744329452515
25.862008659,0.7299149036407471,-1.2817600965499878,1.8811144828796387
25.893436829,0.7298322319984436,-1.2822343111038208,1.879042625427246
25.925933775,0.7296370267868042,-1.2827094793319702,1.8771557807922363
25.961710215,0.7298413515090942,-1.2825554609298706,1.8761796951293945
25.993821305,0.7303743362426758,-1.281818151473999,1.8760319948196411
26.026604855,0.7307471632957458,-1.2811411619186401,1.875870704650879
26.061685986,0.7310086488723755,-1.2801883220672607,1.875655174255371
26.094469169,0.7328507304191589,-1.2801494598388672,1.8754143714904785
26.126722452,0.7344119548797607,-1.280074119567871,1.8751616477966309
26.162040328,0.7357454299926758,-1.2799789905548096,1.8748763799667358
26.193294319,0.736832857131958,-1.2799290418624878,1.8746026754379272
26.226133624,0.7401409149169922,-1.279401421546936,1.8748812675476074
26.261980029,0.7437750101089478,-1.278762936592102,1.8751354217529297
26.293649489,0.7463253140449524,-1.2782751321792603,1.8752824068069458
26.326040182,0.7491018772125244,-1.2776305675506592,1.8755526542663574
26.362012764,0.7530702948570251,-1.2764511108398438,1.8762061595916748
26.393587363,0.7566643357276917,-1.2753753662109375,1.8767895698547363
26.426319349,0.759915828704834,-1.2743914127349854,1.8772850036621094
26.461059317,0.7632638812065125,-1.2730271816253662,1.8771183490753174
26.493734851,0.7655173540115356,-1.2719345092773438,1.876644253730774
26.526645492,0.7675315737724304,-1.270956039428711,1.8762089014053345
26.561882538,0.7693144679069519,-1.2700763940811157,1.8757739067077637
26.593698413,0.7718276381492615,-1.2685970067977905,1.8733601570129395
26.626080199,0.7743827700614929,-1.2670867443084717,1.8705247640609741
26.66177065,0.7772200703620911,-1.2654342651367188,1.8673532009124756
26.694362419,0.7791656255722046,-1.2636808156967163,1.8654099702835083
26.726404681,0.780840277671814,-1.2603682279586792,1.8645933866500854
26.76191217,0.7823278903961182,-1.2573683261871338,1.8638023138046265
26.793533249,0.7836465239524841,-1.2546604871749878,1.8630894422531128
26.825835049,0.7842875719070435,-1.2518539428710938,1.862627625465393
26.861617527,0.7831279635429382,-1.2474137544631958,1.8628215789794922
26.89374095,0.7822136878967285,-1.2441953420639038,1.8629237413406372
26.926582025,0.7813189625740051,-1.2412539720535278,1.8629915714263916
26.961642034,0.7798537015914917,-1.239374041557312,1.8627878427505493
26.993689023,0.7778800129890442,-1.2384458780288696,1.8623924255371094
27.025881285,0.775998592376709,-1.237623691558838,1.8619918823242188
27.061659852,0.7737544178962708,-1.236729383468628,1.8614941835403442
27.093480321,0.7731761932373047,-1.2355068922042847,1.8643454313278198
27.126389726,0.772602379322052,-1.23444402217865,1.8668837547302246
27.161572373,0.7720119953155518,-1.233526587486267,1.8691154718399048
27.193632868,0.7713777422904968,-1.2327661514282227,1.8711035251617432
27.226711,0.7702614665031433,-1.2313721179962158,1.8752917051315308
27.261697,0.7689662575721741,-1.2299175262451172,1.8798972368240356
27.293929272,0.7679837346076965,-1.2289472818374634,1.8831349611282349
27.326495084,0.7671663761138916,-1.2273887395858765,1.8859055042266846
27.36182824,0.7668222188949585,-1.2237886190414429,1.888039231300354
27.393656634,0.7664646506309509,-1.220587134361267,1.889948844909668
27.426275746,0.7660796046257019,-1.2177190780639648,1.8916351795196533
27.461496543,0.7653336524963379,-1.2155510187149048,1.892910361289978
27.493856878,0.7646154165267944,-1.2145538330078125,1.8935168981552124
27.526155241,0.7639326453208923,-1.2136404514312744,1.8940575122833252
27.561837836,0.7632720470428467,-1.2128299474716187,1.8945173025131226
27.594504047,0.7615979909896851,-1.2108136415481567,1.8957970142364502
27.626211446,0.759702205657959,-1.208591341972351,1.8972007036209106
27.661568478,0.7574660181999207,-1.206109881401062,1.8987269401550293
27.693780239,0.7556793093681335,-1.2046232223510742,1.9001466035842896
27.727080149,0.7537360191345215,-1.2041009664535522,1.9024277925491333
27.761994554,0.7519168853759766,-1.2036383152008057,1.9044657945632935
27.793465118,0.7501935362815857,-1.203231930732727,1.906301736831665
27.826591706,0.7482064962387085,-1.202777624130249,1.906874656677246
27.861614197,0.7446560859680176,-1.2019184827804565,1.9037386178970337
27.89401888,0.7420289516448975,-1.2013119459152222,1.9015165567398071
27.926396003,0.7395648956298828,-1.2008036375045776,1.899519681930542
27.961694066,0.7375149726867676,-1.2002122402191162,1.8978524208068848
27.993702086,0.7357959151268005,-1.1995614767074585,1.8964948654174805
28.026386594,0.7340980172157288,-1.1990225315093994,1.8952410221099854
28.06172019,0.7320402264595032,-1.1984916925430298,1.89381742477417
28.094043653,0.7307952046394348,-1.1986899375915527,1.8905082941055298
28.125635368,0.7295685410499573,-1.1989150047302246,1.8875367641448975
28.161370908,0.7283697724342346,-1.1992002725601196,1.8848392963409424
28.193470076,0.7271840572357178,-1.1995123624801636,1.8824297189712524
28.226188924,0.7257901430130005,-1.2007229328155518,1.8829905986785889
28.262128092,0.7241016626358032,-1.202164649963379,1.8836007118225098
28.294028979,0.7227515578269958,-1.2032618522644043,1.8840235471725464
28.325841671,0.7220149040222168,-1.204200267791748,1.8845012187957764
28.3618081,0.7229522466659546,-1.204811692237854,1.8851895332336426
28.393698788,0.7237287759780884,-1.2054545879364014,1.8858256340026855
28.426276357,0.7243207693099976,-1.2061049938201904,1.8863871097564697
28.461706277,0.7242676615715027,-1.2066394090652466,1.8869521617889404
28.493654495,0.7238687872886658,-1.2069498300552368,1.8873450756072998
28.526346427,0.7234399318695068,-1.2072997093200684,1.8877166509628296
28.562157781,0.7229753732681274,-1.2076774835586548,1.8880462646484375
28.593676267,0.7229064702987671,-1.2079966068267822,1.8864892721176147
28.62571,0.7229195833206177,-1.2083289623260498,1.8845045566558838
28.661782666,0.7228727340698242,-1.2087924480438232,1.882320523262024
28.693866212,0.7232332825660706,-1.2094733715057373,1.880311131477356
28.726591725,0.7248488068580627,-1.2109363079071045,1.8771824836730957
28.761709625,0.7262848615646362,-1.2123489379882812,1.8743577003479004
28.793622055,0.7275804281234741,-1.213697910308838,1.8718560934066772
28.827098945,0.7288885712623596,-1.2154277563095093,1.8693907260894775
28.860849689,0.7308712005615234,-1.2189769744873047,1.865903615951538
28.893099526,0.732248842716217,-1.22166109085083,1.8634523153305054
28.925156284,0.7334765791893005,-1.2242491245269775,1.8612775802612305
28.961095823,0.7347906827926636,-1.2272160053253174,1.8592345714569092
28.993358252,0.7361642122268677,-1.2305642366409302,1.8573530912399292
29.025827244,0.7373746633529663,-1.2337809801101685,1.855660319328308
29.061688783,0.7386820912361145,-1.2376271486282349,1.8537909984588623
29.093800269,0.7386344075202942,-1.2407855987548828,1.8507459163665771
29.126164504,0.7385607361793518,-1.2438398599624634,1.8480420112609863
29.161702193,0.7384607791900635,-1.2468023300170898,1.8456059694290161
29.193787262,0.7383121848106384,-1.24965238571167,1.8434638977050781
29.226711192,0.7381089925765991,-1.2507418394088745,1.8379442691802979
29.261614649,0.7378368973731995,-1.2521917819976807,1.8318618535995483
29.293874162,0.7376135587692261,-1.2534064054489136,1.8275870084762573
29.326275906,0.7374441623687744,-1.2550194263458252,1.823768973350525
29.361823507,0.7374658584594727,-1.2576271295547485,1.8202950954437256
29.393885124,0.7374334335327148,-1.2601909637451172,1.817233920097351
29.426366479,0.7374172210693359,-1.2628257274627686,1.8145102262496948
29.461424477,0.7383468151092529,-1.2645776271820068,1.8110618591308594
29.493654769,0.7395139932632446,-1.2652878761291504,1.808432698249817
29.526127281,0.740541934967041,-1.2661393880844116,1.8061237335205078
29.561728394,0.7414095997810364,-1.267135500907898,1.8040496110916138
29.5931659,0.7408410906791687,-1.2666646242141724,1.801761507987976
29.62593969,0.7398672103881836,-1.2659127712249756,1.7995718717575073
29.661718906,0.7387081980705261,-1.2653144598007202,1.797190546989441
29.693832231,0.7381631731987,-1.2647913694381714,1.7955313920974731
29.726255014,0.7385205626487732,-1.2638427019119263,1.7940231561660767
29.761634327,0.7388160228729248,-1.2631479501724243,1.7926691770553589
29.793697657,0.7390568852424622,-1.2626866102218628,1.79152512550354
29.826678266,0.7391085624694824,-1.2620439529418945,1.79086172580719
29.861585063,0.738662600517273,-1.2601656913757324,1.7913800477981567
29.893771559,0.7383231520652771,-1.2589832544326782,1.7918126583099365
29.926298463,0.738034725189209,-1.2580586671829224,1.7922719717025757
29.961708163,0.739031970500946,-1.2571096420288086,1.7928935289382935
29.995304845,0.741175651550293,-1.2561635971069336,1.7937108278274536
30.026220775,0.7431246638298035,-1.2554631233215332,1.7944831848144531
30.061489559,0.7453173995018005,-1.2548261880874634,1.7954075336456299
30.093912015,0.7467290759086609,-1.2555365562438965,1.7990261316299438
30.126420916,0.748018741607666,-1.2563592195510864,1.8023364543914795
30.161533412,0.7491870522499084,-1.2572764158248901,1.8053414821624756
30.193644285,0.7502257227897644,-1.2582849264144897,1.8081220388412476
30.226235796,0.751405656337738,-1.2591114044189453,1.8113123178482056
30.261668258,0.7526159882545471,-1.2603108882904053,1.814931035041809
30.29384341,0.7534430027008057,-1.261377215385437,1.8175781965255737
30.326103483,0.7542101740837097,-1.2623249292373657,1.8196989297866821
30.36160025,0.7549606561660767,-1.2628381252288818,1.8206921815872192
30.394072783,0.7556118965148926,-1.2635276317596436,1.8216805458068848
30.426258789,0.7561712265014648,-1.2643802165985107,1.8226341009140015
30.46160165,0.756886899471283,-1.2660012245178223,1.8245855569839478
30.493411836,0.7574470043182373,-1.2675814628601074,1.8264579772949219
30.526880332,0.7579401731491089,-1.269230842590332,1.8282217979431152
30.561631852,0.7583739757537842,-1.2709496021270752,1.8298612833023071
30.593752976,0.7585113644599915,-1.272222638130188,1.8309663534164429
30.626150185,0.7585155367851257,-1.2734118700027466,1.831899642944336
30.661984635,0.7584584355354309,-1.2750238180160522,1.8330683708190918
30.693815327,0.7584753036499023,-1.2771066427230835,1.8346534967422485
30.726828213,0.7589142322540283,-1.281022548675537,1.838023066520691
30.761644921,0.7592935562133789,-1.284737229347229,1.8411319255828857
30.793712364,0.7596002817153931,-1.2883048057556152,1.8440346717834473
30.826355572,0.7600376605987549,-1.2911391258239746,1.8461172580718994
30.861629066,0.761389434337616,-1.2921857833862305,1.8463993072509766
30.893481972,0.7623550295829773,-1.2931582927703857,1.846696138381958
30.926065185,0.7632086277008057,-1.2942073345184326,1.8470497131347656
30.961655877,0.763984739780426,-1.2945582866668701,1.8466789722442627
30.993517455,0.7646980881690979,-1.2942936420440674,1.845732569694519
31.026342546,0.7653405666351318,-1.2942216396331787,1.8449513912200928
31.062352792,0.7660490274429321,-1.2943779230117798,1.844193935394287
31.093909031,0.7666325569152832,-1.2954680919647217,1.8448179960250854
31.126878931,0.7671481370925903,-1.2966078519821167,1.8454731702804565
31.161796388,0.7675992250442505,-1.2978001832962036,1.8461356163024902
31.194127481,0.7679911255836487,-1.2990463972091675,1.8468424081802368
31.226517225,0.7668911814689636,-1.2973628044128418,1.8477661609649658
31.2617907,0.7655405402183533,-1.295633316040039,1.8489357233047485
31.293716768,0.7645084261894226,-1.2945585250854492,1.8498897552490234
31.326301113,0.7637252807617188,-1.2935210466384888,1.8495726585388184
31.361554283,0.7635965347290039,-1.2920771837234497,1.8457056283950806
31.393603993,0.7634950876235962,-1.2908116579055786,1.8423641920089722
31.426117297,0.7633617520332336,-1.2897872924804688,1.8394505977630615
31.461839469,0.7627324461936951,-1.2877432107925415,1.8357607126235962
31.493435565,0.762029230594635,-1.2858186960220337,1.8329565525054932
31.526293159,0.761320173740387,-1.2841883897781372,1.8305342197418213
31.561474222,0.7606245279312134,-1.2828155755996704,1.8284231424331665
31.593767624,0.7601446509361267,-1.280622959136963,1.827494502067566
31.626075614,0.7597196698188782,-1.278393030166626,1.8270080089569092
31.661471609,0.7591107487678528,-1.2760192155838013,1.8265892267227173
31.693990947,0.7594366073608398,-1.27406907081604,1.826926589012146
31.726395748,0.762087881565094,-1.2714011669158936,1.8288187980651855
31.761722865,0.764496386051178,-1.2690623998641968,1.8305909633636475
31.793870194,0.7666952013969421,-1.266939640045166,1.8322945833206177
31.825973989,0.7687368988990784,-1.2646369934082031,1.834521770477295
31.861064754,0.7711125016212463,-1.2606558799743652,1.8392517566680908
31.893576488,0.7728086113929749,-1.2578743696212769,1.8427248001098633
31.926297011,0.7743607759475708,-1.2554041147232056,1.8459583520889282
31.961723467,0.776077151298523,-1.2530303001403809,1.8497836589813232
31.993728176,0.7779363989830017,-1.250748634338379,1.854102611541748
32.025997904,0.7796436548233032,-1.2487326860427856,1.8580822944641113
32.061835696,0.7815673351287842,-1.2465184926986694,1.8626371622085571
32.093876783,0.78281569480896,-1.2431212663650513,1.8673185110092163
32.125994408,0.783963143825531,-1.2400968074798584,1.8716241121292114
32.161410171,0.7850072383880615,-1.237426519393921,1.875591516494751
32.193776684,0.7859891057014465,-1.235083818435669,1.8792619705200195
32.227109204,0.7858653664588928,-1.2311395406723022,1.8816478252410889
32.261312166,0.7857065200805664,-1.226790428161621,1.8844196796417236
32.293979853,0.7855570316314697,-1.2237025499343872,1.8864867687225342
32.326645738,0.7856107354164124,-1.2204067707061768,1.8886033296585083
32.361662506,0.786215603351593,-1.2159020900726318,1.891068696975708
32.393462664,0.7867605090141296,-1.2118513584136963,1.8933664560317993
32.426778698,0.7872522473335266,-1.2081353664398193,1.8955174684524536
32.461577993,0.7886227965354919,-1.206357717514038,1.8979759216308594
32.493769108,0.7901119589805603,-1.2062926292419434,1.8998115062713623
32.526707907,0.791510283946991,-1.2062656879425049,1.9015663862228394
32.561800458,0.792811930179596,-1.2062863111495972,1.9032498598098755
32.593838308,0.7943814992904663,-1.206286072731018,1.9054352045059204
32.625882235,0.7959410548210144,-1.2063380479812622,1.9077037572860718
32.661662951,0.7976962924003601,-1.2065130472183228,1.9103963375091553
32.693890317,0.7986533045768738,-1.2062394618988037,1.9128440618515015
32.726785997,0.7985237240791321,-1.2046931982040405,1.916295051574707
32.761638461,0.7984287142753601,-1.2033387422561646,1.9195555448532104
32.793827503,0.7983483672142029,-1.2021628618240356,1.9226279258728027
32.826176738,0.7986488342285156,-1.2015256881713867,1.9251329898834229
32.861466662,0.8002015352249146,-1.2021725177764893,1.9266774654388428
32.894247002,0.8013425469398499,-1.202682614326477,1.9279401302337646
32.925748122,0.8023828268051147,-1.2032086849212646,1.9292199611663818
32.961688187,0.8038245439529419,-1.2035385370254517,1.9299993515014648
32.9935746,0.8056074380874634,-1.2036939859390259,1.9303388595581055
33.025904909,0.8072424530982971,-1.2038582563400269,1.9307831525802612
33.061853967,0.8091287612915039,-1.2041029930114746,1.9314700365066528
33.093717688,0.808480978012085,-1.2050044536590576,1.9316999912261963
33.124940862,0.807871401309967,-1.2058367729187012,1.9320343732833862
33.161926914,0.8073035478591919,-1.206604242324829,1.9324703216552734
33.193627312,0.8068203330039978,-1.2073160409927368,1.9329901933670044
33.225968062,0.8074333071708679,-1.208235502243042,1.9322010278701782
33.261781997,0.8081198334693909,-1.2093437910079956,1.9315171241760254
33.293659659,0.8086197972297668,-1.2101887464523315,1.9311883449554443
33.325952132,0.8091157078742981,-1.210447907447815,1.9314649105072021
33.361750612,0.8096723556518555,-1.2092217206954956,1.9330867528915405
33.394182556,0.810228168964386,-1.2080979347229004,1.9346702098846436
33.426269017,0.8108037114143372,-1.2070146799087524,1.936232328414917
33.462060862,0.8114348649978638,-1.205736756324768,1.9363821744918823
33.49377427,0.8119092583656311,-1.2048234939575195,1.935741901397705
33.526215456,0.8123784065246582,-1.2039916515350342,1.9352973699569702
33.561619872,0.8128304481506348,-1.2032198905944824,1.9350336790084839
33.593655812,0.8135326504707336,-1.2002116441726685,1.9336215257644653
33.626126426,0.8142202496528625,-1.1967905759811401,1.9320814609527588
33.661889601,0.8150394558906555,-1.1929525136947632,1.9305757284164429
33.693836682,0.8154014348983765,-1.190435767173767,1.9306188821792603
33.726604018,0.8151509761810303,-1.1889033317565918,1.9335037469863892
33.761616999,0.8149161338806152,-1.1875128746032715,1.9362545013427734
33.793936689,0.8147152066230774,-1.186240315437317,1.9388655424118042
33.826945825,0.8144095540046692,-1.1847612857818604,1.940983533859253
33.861306364,0.8135343194007874,-1.1820281744003296,1.9421876668930054
33.893435628,0.8129323720932007,-1.1800415515899658,1.9432123899459839
33.925124048,0.8124145865440369,-1.1782104969024658,1.9442819356918335
33.961562553,0.8109194040298462,-1.175595760345459,1.9447500705718994
33.9935929,0.808583676815033,-1.1723064184188843,1.9446983337402344
34.026588176,0.8064888715744019,-1.1692737340927124,1.9448057413101196
34.061311347,0.8041700124740601,-1.1657909154891968,1.945137858390808
34.093927868,0.8023850321769714,-1.1634730100631714,1.942988634109497
34.126869322,0.8007737398147583,-1.1613314151763916,1.9411890506744385
34.161645397,0.7993394136428833,-1.1593337059020996,1.93970787525177
34.193406298,0.7980727553367615,-1.1574524641036987,1.9385052919387817
34.226137471,0.7962438464164734,-1.157254934310913,1.938194751739502
34.261590085,0.7942222356796265,-1.1568704843521118,1.9380346536636353
34.29380054,0.792823851108551,-1.1565521955490112,1.9380699396133423
34.326503628,0.7911481261253357,-1.1561671495437622,1.9380033016204834
34.361758589,0.7881911396980286,-1.1559299230575562,1.9374208450317383
34.393944819,0.7855185270309448,-1.1557146310806274,1.9370346069335938
34.426186054,0.7831096649169922,-1.1554884910583496,1.9368329048156738
34.461593049,0.7798783183097839,-1.1548805236816406,1.936244010925293
34.493508246,0.7773177027702332,-1.1542388200759888,1.9357023239135742
34.526113937,0.7749844789505005,-1.153701663017273,1.9353567361831665
34.561530399,0.7728692889213562,-1.1532188653945923,1.9351972341537476
34.593534002,0.7689293622970581,-1.1528470516204834,1.9348461627960205
34.625949121,0.7647313475608826,-1.1524962186813354,1.9345709085464478
34.661729994,0.76008540391922,-1.1520224809646606,1.934477686882019
34.694366569,0.7566882967948914,-1.1516810655593872,1.9339491128921509
34.726695982,0.7533267140388489,-1.1515324115753174,1.9318232536315918
34.761890707,0.7502962946891785,-1.1513844728469849,1.9300490617752075
34.794304932,0.7475621700286865,-1.1511942148208618,1.9285873174667358
34.825938375,0.7456324696540833,-1.1514081954956055,1.9270985126495361
34.86161049,0.7454214692115784,-1.1532195806503296,1.9245411157608032
34.893842019,0.7453165054321289,-1.1545122861862183,1.9228742122650146
34.926229959,0.7452825307846069,-1.1556612253189087,1.9215128421783447
34.961676971,0.7456163167953491,-1.156601071357727,1.9214671850204468
34.994058466,0.7462871074676514,-1.157266616821289,1.922550082206726
35.026019473,0.7470354437828064,-1.157842755317688,1.9236727952957153
35.061665213,0.7480068206787109,-1.1584036350250244,1.9251344203948975
35.093697111,0.7476823329925537,-1.1590481996536255,1.9267216920852661
35.127008443,0.7474687099456787,-1.1595629453659058,1.9283099174499512
35.161746307,0.7473985552787781,-1.1599409580230713,1.9299119710922241
35.193506769,0.747428297996521,-1.160203218460083,1.9315123558044434
35.226005696,0.7459742426872253,-1.1610604524612427,1.929617166519165
35.26190901,0.7444311380386353,-1.161926031112671,1.927757978439331
35.293718013,0.7433526515960693,-1.1624242067337036,1.926630973815918
35.32655941,0.7426939010620117,-1.163254976272583,1.9253579378128052
35.361465619,0.7429762482643127,-1.1652657985687256,1.9231632947921753
35.393303285,0.7433233857154846,-1.167059063911438,1.9213603734970093
35.426030268,0.7437240481376648,-1.1686358451843262,1.9199074506759644
35.461809806,0.7446745038032532,-1.1718571186065674,1.919410228729248
35.493511757,0.7456262707710266,-1.1749249696731567,1.9196925163269043
35.526308347,0.7465627789497375,-1.1776827573776245,1.9201184511184692
35.562066508,0.7475260496139526,-1.180134654045105,1.9206784963607788
35.593486852,0.748005211353302,-1.1812105178833008,1.9218183755874634
35.626374013,0.7483454942703247,-1.1817840337753296,1.923155426979065
35.661529918,0.7488057017326355,-1.1823395490646362,1.9248689413070679
35.69375807,0.749043345451355,-1.1823740005493164,1.9264332056045532
35.72635822,0.7488322854042053,-1.1814296245574951,1.9284679889678955
35.761858245,0.7486873269081116,-1.1804933547973633,1.9304652214050293
35.793642229,0.7486528754234314,-1.1794875860214233,1.932414174079895
35.825992616,0.7486422061920166,-1.177986979484558,1.9341641664505005
35.861499788,0.7485455870628357,-1.1744835376739502,1.9357452392578125
35.893727079,0.7485296130180359,-1.1718854904174805,1.9370442628860474
35.926537543,0.7485629916191101,-1.1694514751434326,1.9383684396743774
35.96169626,0.7478443384170532,-1.168165683746338,1.939010739326477
35.994136943,0.7464354038238525,-1.1678043603897095,1.9390608072280884
36.02592668,0.745154857635498,-1.1673229932785034,1.9392627477645874
36.061741147,0.7437579035758972,-1.1666816473007202,1.9397022724151611
36.093582767,0.7436805963516235,-1.1679140329360962,1.942176103591919
36.126038177,0.7436339855194092,-1.1689567565917969,1.9445533752441406
36.161646779,0.7436206936836243,-1.1698293685913086,1.9468632936477661
36.193621884,0.7436151504516602,-1.1705915927886963,1.9490926265716553
36.226188197,0.7418510317802429,-1.1700352430343628,1.9507460594177246
36.261569358,0.7398640513420105,-1.169381022453308,1.952829122543335
36.29373399,0.7384127378463745,-1.1689503192901611,1.954502820968628
36.325983044,0.7369019389152527,-1.1685289144515991,1.9555249214172363
36.36181367,0.7349458336830139,-1.1681630611419678,1.9547611474990845
36.395754064,0.7331266403198242,-1.1678197383880615,1.9542382955551147
36.426096155,0.7314452528953552,-1.1674638986587524,1.9539414644241333
36.461710353,0.730031430721283,-1.1649410724639893,1.9527976512908936
36.494081139,0.7292147874832153,-1.162024974822998,1.9516234397888184
36.527140305,0.7284815907478333,-1.1593425273895264,1.9507081508636475
36.561155773,0.7278929352760315,-1.1567994356155396,1.9500341415405273
36.593802931,0.728351891040802,-1.1554585695266724,1.947543978691101
36.626418275,0.7291260361671448,-1.154502272605896,1.9447962045669556
36.661471652,0.7300958037376404,-1.1533342599868774,1.9419219493865967
36.693811385,0.7308841943740845,-1.1528291702270508,1.9404081106185913
36.727425158,0.7318265438079834,-1.1533911228179932,1.940264344215393
36.761772283,0.7327512502670288,-1.1538383960723877,1.9402655363082886
36.793620693,0.7336587309837341,-1.1541824340820312,1.9403890371322632
36.826354267,0.7339964509010315,-1.1549015045166016,1.941133975982666
36.861500246,0.7324989438056946,-1.1572442054748535,1.9439078569412231
36.893052361,0.7314792275428772,-1.1588592529296875,1.946029782295227
36.925212662,0.7306011915206909,-1.1602625846862793,1.9480746984481812
